,language,mean predicted quality
0,simple,0.3898027899238175
1,eo,0.3865709603468461
2,io,0.3050921790737235
3,vo,0.0
4,ia,0.24861841947734428
5,ie,0.0
6,nov,0.0
0,en,0.5898352262967054
1,fr,0.5540583331434822
2,es,0.540031384648404
